,current,current modeled,modeled with extra lift
0,81.0,88.05302850331088,88.37202805477898
